{"cameraMode":{"drawMode":0,"name":"Shaded","section":"Shading Mode"},"sceneLighting":true,"audioPlay":false,"sceneViewState":{"showFog":true,"showMaterialUpdate":false,"showSkybox":true,"showFlares":true,"showImageEffects":true,"showParticleSystems":true},"in2DMode":false,"pivot":{"x":-8.078409194946289,"y":5.095202445983887,"z":-6.021276473999023},"rotation":{"x":0.18594065308570863,"y":0.19344128668308259,"z":-0.03735547885298729,"w":0.9626166820526123},"size":13.608617782592774,"orthographic":false}